Year,Cumulative_Adoption_Rate
2009,0.0018656716417910447
2012,0.005597014925373134
2013,0.007462686567164179
2014,0.009328358208955223
2015,0.022388059701492536
2016,0.029850746268656716
2017,0.04664179104477612
2018,0.05783582089552239
2019,0.06529850746268656
2020,0.08022388059701492
2021,0.08955223880597014
2022,0.11567164179104478
2023,0.1417910447761194
2024,0.14365671641791045
